{
  "models": {
    "Neural Network": {
      "accuracy": 1.0,
      "precision": 1.0,
      "recall": 1.0,
      "f1": 1.0,
      "auc": 1.0,
      "cm": [
        [
          21,
          0
        ],
        [
          0,
          22
        ]
      ]
    },
    "Logistic Regression": {
      "accuracy": 0.9767441860465116,
      "precision": 0.9565217391304348,
      "recall": 1.0,
      "f1": 0.9777777777777777,
      "auc": 0.9978354978354977,
      "cm": [
        [
          20,
          1
        ],
        [
          0,
          22
        ]
      ]
    },
    "Random Forest": {
      "accuracy": 1.0,
      "precision": 1.0,
      "recall": 1.0,
      "f1": 1.0,
      "auc": 1.0,
      "cm": [
        [
          21,
          0
        ],
        [
          0,
          22
        ]
      ]
    },
    "SVM": {
      "accuracy": 1.0,
      "precision": 1.0,
      "recall": 1.0,
      "f1": 1.0,
      "auc": 1.0,
      "cm": [
        [
          21,
          0
        ],
        [
          0,
          22
        ]
      ]
    },
    "Gradient Boosting": {
      "accuracy": 0.9534883720930233,
      "precision": 0.9166666666666666,
      "recall": 1.0,
      "f1": 0.9565217391304348,
      "auc": 0.9523809523809523,
      "cm": [
        [
          19,
          2
        ],
        [
          0,
          22
        ]
      ]
    },
    "AdaBoost": {
      "accuracy": 0.9767441860465116,
      "precision": 0.9565217391304348,
      "recall": 1.0,
      "f1": 0.9777777777777777,
      "auc": 1.0,
      "cm": [
        [
          20,
          1
        ],
        [
          0,
          22
        ]
      ]
    },
    "Naive Bayes": {
      "accuracy": 0.8372093023255814,
      "precision": 0.7586206896551724,
      "recall": 1.0,
      "f1": 0.8627450980392157,
      "auc": 0.8809523809523809,
      "cm": [
        [
          14,
          7
        ],
        [
          0,
          22
        ]
      ]
    },
    "Decision Tree": {
      "accuracy": 0.9534883720930233,
      "precision": 0.9166666666666666,
      "recall": 1.0,
      "f1": 0.9565217391304348,
      "auc": 0.9523809523809523,
      "cm": [
        [
          19,
          2
        ],
        [
          0,
          22
        ]
      ]
    }
  },
  "cv_results": {
    "Neural Network": {
      "mean": 0.971539294719696,
      "std": 0.0233521249139346,
      "scores": [
        0.9767441749572754,
        1.0,
        0.976190447807312,
        0.976190447807312,
        0.9285714030265808
      ]
    },
    "Logistic Regression": {
      "mean": 0.9383167220376523,
      "std": 0.032397657838401706,
      "scores": [
        0.9534883720930233,
        0.9285714285714286,
        0.8809523809523809,
        0.9523809523809523,
        0.9761904761904762
      ]
    },
    "Random Forest": {
      "mean": 0.9763012181616834,
      "std": 0.015060093782950368,
      "scores": [
        0.9767441860465116,
        1.0,
        0.9523809523809523,
        0.9761904761904762,
        0.9761904761904762
      ]
    },
    "SVM": {
      "mean": 0.9526024363233667,
      "std": 0.01506497893000522,
      "scores": [
        0.9534883720930233,
        0.9761904761904762,
        0.9285714285714286,
        0.9523809523809523,
        0.9523809523809523
      ]
    },
    "Gradient Boosting": {
      "mean": 0.9715393133997784,
      "std": 0.03500847806596542,
      "scores": [
        0.9767441860465116,
        1.0,
        1.0,
        0.9047619047619048,
        0.9761904761904762
      ]
    },
    "AdaBoost": {
      "mean": 0.9857142857142858,
      "std": 0.01904761904761907,
      "scores": [
        1.0,
        1.0,
        0.9523809523809523,
        1.0,
        0.9761904761904762
      ]
    },
    "Naive Bayes": {
      "mean": 0.791140642303433,
      "std": 0.09258015546255764,
      "scores": [
        0.8604651162790697,
        0.8809523809523809,
        0.8571428571428571,
        0.6904761904761905,
        0.6666666666666666
      ]
    },
    "Decision Tree": {
      "mean": 0.9763012181616834,
      "std": 0.036886220636218915,
      "scores": [
        0.9767441860465116,
        1.0,
        1.0,
        0.9047619047619048,
        1.0
      ]
    }
  }
}