{
  "Neural Network": {
    "pred": [
      1,
      1,
      1,
      1,
      0,
      0,
      1,
      0,
      0,
      0,
      1,
      0,
      1,
      1,
      0,
      1,
      1,
      0,
      0,
      1,
      0,
      0,
      1,
      0,
      1,
      1,
      1,
      1,
      0,
      1,
      1,
      1,
      0,
      1,
      0,
      1,
      0,
      0,
      0,
      0,
      0,
      0,
      1
    ],
    "prob": [
      0.9994717240333557,
      0.9991751313209534,
      0.9988114833831787,
      0.9988390803337097,
      0.002703733742237091,
      0.0010590692982077599,
      0.9989375472068787,
      0.000828773423563689,
      0.0015451882500201464,
      0.0007568622240796685,
      0.9993327260017395,
      0.0011045165592804551,
      0.9995477795600891,
      0.9994099140167236,
      0.0014583824668079615,
      0.9994162321090698,
      0.9992699027061462,
      0.377265989780426,
      0.0014546404127031565,
      0.9988542795181274,
      0.0004760201263707131,
      0.002322746906429529,
      0.9995095729827881,
      0.0005885799182578921,
      0.9679749011993408,
      0.999534010887146,
      0.9993290901184082,
      0.9994052648544312,
      0.0011765032541006804,
      0.9995213747024536,
      0.9990028738975525,
      0.9850971698760986,
      0.0007187979645095766,
      0.9995409250259399,
      0.0012515485286712646,
      0.998433530330658,
      0.0011205790797248483,
      0.004261339548975229,
      0.001411645789630711,
      0.002062581479549408,
      0.0018783325795084238,
      0.00047702010488137603,
      0.999541163444519
    ],
    "time": 0.7288281917572021,
    "accuracy": 1.0
  },
  "Logistic Regression": {
    "pred": [
      1.0,
      1.0,
      1.0,
      1.0,
      0.0,
      0.0,
      1.0,
      0.0,
      0.0,
      0.0,
      1.0,
      0.0,
      1.0,
      1.0,
      0.0,
      1.0,
      1.0,
      0.0,
      0.0,
      1.0,
      0.0,
      1.0,
      1.0,
      0.0,
      1.0,
      1.0,
      1.0,
      1.0,
      0.0,
      1.0,
      1.0,
      1.0,
      0.0,
      1.0,
      0.0,
      1.0,
      0.0,
      0.0,
      0.0,
      0.0,
      0.0,
      0.0,
      1.0
    ],
    "prob": [
      0.9884903724203365,
      0.9535795545272044,
      0.8877935378712992,
      0.9087810039228502,
      0.31577786527961155,
      0.2660968733177068,
      0.899074577093844,
      0.10325599359857134,
      0.15183066930777833,
      0.2662447573705691,
      0.9597109374254882,
      0.3884142756743153,
      0.9997204477474405,
      0.9739286140520709,
      0.10242669387261658,
      0.9530768182590194,
      0.9511348798082702,
      0.10612447940373886,
      0.15304950171381296,
      0.9068741564977938,
      0.016097922972103978,
      0.6157662755854637,
      0.9953108769172208,
      0.3036671618943541,
      0.5747231577665135,
      0.9971358731784051,
      0.930529893509521,
      0.9740529978485997,
      0.10760949426957951,
      0.9933809361183277,
      0.9231861501241329,
      0.6749304508753439,
      0.11351490610033205,
      0.9988292252409788,
      0.38838119630476187,
      0.9104373740306119,
      0.0992096684206734,
      0.17307052982071805,
      0.10727951161290893,
      0.14491906984011968,
      0.4744828484450733,
      0.01918028516392324,
      0.9988606386887208
    ],
    "time": 0.0044858455657958984,
    "accuracy": 0.9767441860465116
  },
  "Random Forest": {
    "pred": [
      1.0,
      1.0,
      1.0,
      1.0,
      0.0,
      0.0,
      1.0,
      0.0,
      0.0,
      0.0,
      1.0,
      0.0,
      1.0,
      1.0,
      0.0,
      1.0,
      1.0,
      0.0,
      0.0,
      1.0,
      0.0,
      0.0,
      1.0,
      0.0,
      1.0,
      1.0,
      1.0,
      1.0,
      0.0,
      1.0,
      1.0,
      1.0,
      0.0,
      1.0,
      0.0,
      1.0,
      0.0,
      0.0,
      0.0,
      0.0,
      0.0,
      0.0,
      1.0
    ],
    "prob": [
      0.99,
      1.0,
      1.0,
      1.0,
      0.06,
      0.02,
      1.0,
      0.23,
      0.0,
      0.0,
      1.0,
      0.1,
      1.0,
      1.0,
      0.01,
      0.98,
      1.0,
      0.08,
      0.13,
      0.96,
      0.0,
      0.02,
      0.93,
      0.07,
      0.85,
      0.99,
      0.89,
      1.0,
      0.01,
      1.0,
      1.0,
      0.87,
      0.0,
      0.99,
      0.03,
      1.0,
      0.01,
      0.03,
      0.06,
      0.0,
      0.06,
      0.0,
      1.0
    ],
    "time": 0.04342913627624512,
    "accuracy": 1.0
  },
  "SVM": {
    "pred": [
      1.0,
      1.0,
      1.0,
      1.0,
      0.0,
      0.0,
      1.0,
      0.0,
      0.0,
      0.0,
      1.0,
      0.0,
      1.0,
      1.0,
      0.0,
      1.0,
      1.0,
      0.0,
      0.0,
      1.0,
      0.0,
      0.0,
      1.0,
      0.0,
      1.0,
      1.0,
      1.0,
      1.0,
      0.0,
      1.0,
      1.0,
      1.0,
      0.0,
      1.0,
      0.0,
      1.0,
      0.0,
      0.0,
      0.0,
      0.0,
      0.0,
      0.0,
      1.0
    ],
    "prob": [
      0.9999985112097554,
      0.9924828680784863,
      0.9861324034072254,
      0.9795337964339753,
      0.2901820474426915,
      0.1288776628463092,
      0.9939470444822022,
      0.03475114183710846,
      0.04628019457515835,
      0.06972463810638066,
      0.9999882110721022,
      0.04065750617434374,
      0.997141900915615,
      0.9999868412226214,
      0.039379344605864654,
      0.9797899416650901,
      0.9999884055365664,
      0.105825004882753,
      0.07235704100399944,
      0.9936113701213314,
      0.017419355525292855,
      0.057404848128676654,
      0.9999951547235878,
      0.017126567824224784,
      0.8988828939610926,
      0.9999986341764111,
      0.9747651190167732,
      0.9952748369365417,
      0.02181460529469764,
      0.999995626187922,
      0.9814702680635697,
      0.9373483357906532,
      0.03932592645237825,
      0.9971893152329546,
      0.14553354364710105,
      0.9676149331197322,
      0.020718584081405592,
      0.036740520617042624,
      0.017632437188927264,
      0.11562848993694637,
      0.061001510321910986,
      0.017252002546462617,
      0.9999857710987711
    ],
    "time": 0.003509044647216797,
    "accuracy": 1.0
  },
  "Gradient Boosting": {
    "pred": [
      1.0,
      1.0,
      1.0,
      1.0,
      0.0,
      0.0,
      1.0,
      0.0,
      0.0,
      0.0,
      1.0,
      1.0,
      1.0,
      1.0,
      0.0,
      1.0,
      1.0,
      0.0,
      0.0,
      1.0,
      0.0,
      0.0,
      1.0,
      0.0,
      1.0,
      1.0,
      1.0,
      1.0,
      0.0,
      1.0,
      1.0,
      1.0,
      0.0,
      1.0,
      0.0,
      1.0,
      0.0,
      0.0,
      0.0,
      0.0,
      1.0,
      0.0,
      1.0
    ],
    "prob": [
      0.9999780982686993,
      0.9999780982686993,
      0.9999780982686993,
      0.9999780982686993,
      2.190173130076038e-05,
      2.190173130076038e-05,
      0.9999780982686993,
      0.0745760370720033,
      2.1901731300760338e-05,
      2.190173130076038e-05,
      0.9999780982686993,
      0.9999780982686993,
      0.9999780982686993,
      0.9999780982686993,
      2.190173130076038e-05,
      0.9999780982686993,
      0.9999780982686993,
      2.190173130076038e-05,
      2.1901731300760338e-05,
      0.9999780982686993,
      2.190173130076038e-05,
      2.190173130076038e-05,
      0.9999780982686993,
      2.1901731300760338e-05,
      0.9999780982686993,
      0.9999780982686993,
      0.9999780982686993,
      0.9999780982686993,
      2.1901731300760338e-05,
      0.9999780982686993,
      0.9999780982686993,
      0.9999780982686993,
      2.190173130076038e-05,
      0.9999780982686993,
      2.190173130076038e-05,
      0.9999780982686993,
      2.1901731300760338e-05,
      2.1901731300760338e-05,
      2.1901731300760338e-05,
      2.190173130076038e-05,
      0.9999780982686993,
      2.190173130076038e-05,
      0.9999780982686993
    ],
    "time": 0.04791116714477539,