{
  "Neural Network": {
    "pred": [
      1,
      1,
      1,
      1,
      0,
      0,
      1,
      0,
      0,
      0,
      1,
      0,
      1,
      1,
      0,
      1,
      1,
      0,
      0,
      1,
      0,
      0,
      1,
      0,
      1,
      1,
      1,
      1,
      0,
      1,
      1,
      1,
      0,
      1,
      0,
      1,
      0,
      0,
      0,
      0,
      0,
      0,
      1
    ],
    "prob": [
      0.9994717240333557,
      0.9991751313209534,
      0.9988114833831787,
      0.9988390803337097,
      0.0027037428226321936,
      0.0010590656893327832,
      0.9989375472068787,
      0.0008287741802632809,
      0.001545189879834652,
      0.0007568590226583183,
      0.9993327260017395,
      0.001104511320590973,
      0.9995477795600891,
      0.9994099140167236,
      0.0014583839802071452,
      0.9994162321090698,
      0.9992699027061462,
      0.3772660195827484,
      0.0014546404127031565,
      0.9988542795181274,
      0.00047602035920135677,
      0.0023227306082844734,
      0.9995095729827881,
      0.0005885801510885358,
      0.9679749011993408,
      0.999534010887146,
      0.9993290901184082,
      0.9994052648544312,
      0.0011765032541006804,
      0.9995213747024536,
      0.9990028738975525,
      0.9850971698760986,
      0.0007187968585640192,
      0.9995409250259399,
      0.00125153549015522,
      0.998433530330658,
      0.0011205801274627447,
      0.0042613414116203785,
      0.001411646488122642,
      0.002062581479549408,
      0.0018783234991133213,
      0.00047702010488137603,
      0.999541163444519
    ],
    "time": 3.4284424781799316,
    "accuracy": 1.0
  },
  "Logistic Regression": {
    "pred": [
      1.0,
      1.0,
      1.0,
      1.0,
      0.0,
      0.0,
      1.0,
      0.0,
      0.0,
      0.0,
      1.0,
      0.0,
      1.0,
      1.0,
      0.0,
      1.0,
      1.0,
      0.0,
      0.0,
      1.0,
      0.0,
      1.0,
      1.0,
      0.0,
      1.0,
      1.0,
      1.0,
      1.0,
      0.0,
      1.0,
      1.0,
      1.0,
      0.0,
      1.0,
      0.0,
      1.0,
      0.0,
      0.0,
      0.0,
      0.0,
      0.0,
      0.0,
      1.0
    ],
    "prob": [
      0.9884903724203402,
      0.9535795545272125,
      0.8877935378713193,
      0.9087810039228638,
      0.3157778652796099,
      0.26609687331770954,
      0.8990745770938602,
      0.10325599359854953,
      0.1518306693077611,
      0.26624475737057685,
      0.9597109374254977,
      0.3884142756744178,
      0.9997204477474407,
      0.973928614052078,
      0.1024266938726051,
      0.9530768182590259,
      0.9511348798082802,
      0.10612447940372534,
      0.15304950171380025,
      0.90687415649781,
      0.016097922972105907,
      0.6157662755855698,
      0.9953108769172226,
      0.3036671618942981,
      0.5747231577665312,
      0.997135873178406,
      0.9305298935095294,
      0.9740529978486077,
      0.10760949426956258,
      0.9933809361183293,
      0.9231861501241484,
      0.6749304508753722,
      0.113514906100329,
      0.9988292252409793,
      0.388381196304783,
      0.9104373740306316,
      0.09920966842065816,
      0.17307052982069468,
      0.10727951161288979,
      0.1449190698401099,
      0.4744828484451729,
      0.0191802851639258,
      0.9988606386887212
    ],
    "time": 0.010122299194335938,
    "accuracy": 0.9767441860465116
  },
  "Random Forest": {
    "pred": [
      1.0,
      1.0,
      1.0,
      1.0,
      0.0,
      0.0,
      1.0,
      0.0,
      0.0,
      0.0,
      1.0,
      0.0,
      1.0,
      1.0,
      0.0,
      1.0,
      1.0,
      0.0,
      0.0,
      1.0,
      0.0,
      0.0,
      1.0,
      0.0,
      1.0,
      1.0,
      1.0,
      1.0,
      0.0,
      1.0,
      1.0,
      1.0,
      0.0,
      1.0,
      0.0,
      1.0,
      0.0,
      0.0,
      0.0,
      0.0,
      0.0,
      0.0,
      1.0
    ],
    "prob": [
      0.99,
      1.0,
      1.0,
      1.0,
      0.06,
      0.02,
      1.0,
      0.23,
      0.0,
      0.0,
      1.0,
      0.1,
      1.0,
      1.0,
      0.01,
      0.98,
      1.0,
      0.08,
      0.13,
      0.96,
      0.0,
      0.02,
      0.93,
      0.07,
      0.85,
      0.99,
      0.89,
      1.0,
      0.01,
      1.0,
      1.0,
      0.87,
      0.0,
      0.99,
      0.03,
      1.0,
      0.01,
      0.03,
      0.06,
      0.0,
      0.06,
      0.0,
      1.0
    ],
    "time": 0.12791776657104492,
    "accuracy": 1.0
  },
  "SVM": {
    "pred": [
      1.0,
      1.0,
      1.0,
      1.0,
      0.0,
      0.0,
      1.0,
      0.0,
      0.0,
      0.0,
      1.0,
      0.0,
      1.0,
      1.0,
      0.0,
      1.0,
      1.0,
      0.0,
      0.0,
      1.0,
      0.0,
      0.0,
      1.0,
      0.0,
      1.0,
      1.0,
      1.0,
      1.0,
      0.0,
      1.0,
      1.0,
      1.0,
      0.0,
      1.0,
      0.0,
      1.0,
      0.0,
      0.0,
      0.0,
      0.0,
      0.0,
      0.0,
      1.0
    ],
    "prob": [
      0.9999985136304411,
      0.9924870264201816,
      0.9861391136248221,
      0.9795427767283463,
      0.29016876372069994,
      0.1288581369842653,
      0.993950539126467,
      0.03473982433087525,
      0.04626666202867842,
      0.06970860887475545,
      0.9999882276284899,
      0.04064500097835286,
      0.9971437875170838,
      0.9999868595482622,
      0.039367086583119736,
      0.9797988393727489,
      0.9999884218404578,
      0.10580627371129267,
      0.07234074190583145,
      0.9936150201959044,
      0.017412337771277382,
      0.05738954410515092,
      0.9999951619891285,
      0.017119636133736727,
      0.898907167912519,
      0.9999986364097847,
      0.9747755684054824,
      0.9952776946963064,
      0.021806358498810866,
      0.9999956327944336,
      0.98147861377568,
      0.9373672772525343,
      0.039313678874489826,
      0.9971911756851959,
      0.14551380150258925,
      0.9676273753900959,
      0.020710633331325373,
      0.03672878986246681,
      0.017625357152671405,
      0.1156093445733062,
      0.060985700875322325,
      0.01724503391601879,
      0.9999857907958772
    ],
    "time": 0.003130197525024414,
    "accuracy": 1.0
  },
  "Gradient Boosting": {
    "pred": [
      1.0,
      1.0,
      1.0,
      1.0,
      0.0,
      0.0,
      1.0,
      0.0,
      0.0,
      0.0,
      1.0,
      1.0,
      1.0,
      1.0,
      0.0,
      1.0,
      1.0,
      0.0,
      0.0,
      1.0,
      0.0,
      0.0,
      1.0,
      0.0,
      1.0,
      1.0,
      1.0,
      1.0,
      0.0,
      1.0,
      1.0,
      1.0,
      0.0,
      1.0,
      0.0,
      1.0,
      0.0,
      0.0,
      0.0,
      0.0,
      1.0,
      0.0,
      1.0
    ],
    "prob": [
      0.9999780982686993,
      0.9999780982686993,
      0.9999780982686993,
      0.9999780982686993,
      2.190173130076038e-05,
      2.190173130076038e-05,
      0.9999780982686993,
      0.061817909045514464,
      2.190173130076038e-05,
      2.190173130076038e-05,
      0.9999780982686993,
      0.9999780982686993,
      0.9999780982686993,
      0.9999780982686993,
      2.190173130076038e-05,
      0.9999780982686993,
      0.9999780982686993,
      2.190173130076038e-05,
      2.190173130076038e-05,
      0.9999780982686993,
      2.190173130076038e-05,
      2.190173130076038e-05,
      0.9999780982686993,
      2.190173130076038e-05,
      0.9999780982686993,
      0.9999780982686993,
      0.9999780982686993,
      0.9999780982686993,
      2.190173130076038e-05,
      0.9999780982686993,
      0.9999780982686993,
      0.9999780982686993,
      2.190173130076038e-05,
      0.9999780982686993,
      2.190173130076038e-05,
      0.9999780982686993,
      2.190173130076038e-05,
      2.190173130076038e-05,
      2.190173130076038e-05,
      2.190173130076038e-05,
      0.9999780982686993,
      2.190173130076038e-05,
      0.9999780982686993
    ],
    "time": 0.11192488670349121,